{
    "total_runtime": 735.5269842147827,
    "num_documents": 1,
    "input_load_time": 0,
    "workflows": {
        "create_base_text_units": {
            "overall": 0.22307920455932617,
            "0_orderby": 0.0009491443634033203,
            "1_zip": 0.0013575553894042969,
            "2_aggregate_override": 0.00400853157043457,
            "3_chunk": 0.20418882369995117,
            "4_select": 0.0009069442749023438,
            "5_unroll": 0.002348184585571289,
            "6_rename": 0.0007345676422119141,
            "7_genid": 0.001104593276977539,
            "8_unzip": 0.001157999038696289,
            "9_copy": 0.0003592967987060547,
            "10_filter": 0.0054357051849365234
        },
        "create_base_extracted_entities": {
            "overall": 613.1799845695496,
            "0_entity_extract": 613.1742479801178,
            "1_merge_graphs": 0.005480527877807617
        },
        "create_summarized_entities": {
            "overall": 19.685514211654663,
            "0_summarize_descriptions": 19.68528437614441
        },
        "create_base_entity_graph": {
            "overall": 0.010863780975341797,
            "0_cluster_graph": 0.00964808464050293,
            "1_select": 0.000949859619140625
        },
        "create_final_entities": {
            "overall": 10.142529964447021,
            "0_unpack_graph": 0.002737760543823242,
            "1_rename": 0.0008323192596435547,
            "2_select": 0.0009543895721435547,
            "3_dedupe": 0.0008184909820556641,
            "4_rename": 0.0006201267242431641,
            "5_filter": 0.004843473434448242,
            "6_text_split": 0.0011823177337646484,
            "7_drop": 0.0007159709930419922,
            "8_merge": 0.004630327224731445,
            "9_text_embed": 10.118995428085327,
            "10_drop": 0.0013775825500488281,
            "11_filter": 0.00433349609375
        },
        "create_final_nodes": {
            "overall": 0.02911376953125,
            "0_layout_graph": 0.006177186965942383,
            "1_unpack_graph": 0.002422809600830078,
            "2_unpack_graph": 0.002045154571533203,
            "3_drop": 0.0007348060607910156,
            "4_filter": 0.004502296447753906,
            "5_select": 0.0007958412170410156,
            "6_rename": 0.0005762577056884766,
            "7_join": 0.00796365737915039,
            "8_convert": 0.002481698989868164,
            "9_rename": 0.0009644031524658203
        },
        "create_final_communities": {
            "overall": 0.051023244857788086,
            "0_unpack_graph": 0.002827882766723633,
            "1_unpack_graph": 0.002061128616333008,
            "2_aggregate_override": 0.0034415721893310547,
            "3_join": 0.008330821990966797,
            "4_join": 0.007671833038330078,
            "5_concat": 0.0007243156433105469,
            "6_filter": 0.00580143928527832,
            "7_aggregate_override": 0.0037512779235839844,
            "8_join": 0.0076999664306640625,
            "9_filter": 0.0049991607666015625,
            "10_fill": 0.0005033016204833984,
            "11_merge": 0.0014269351959228516,
            "12_copy": 0.0004820823669433594,
            "13_select": 0.0006427764892578125
        },
        "join_text_units_to_entity_ids": {
            "overall": 0.006207704544067383,
            "0_select": 0.0009970664978027344,
            "1_unroll": 0.0020599365234375,
            "2_aggregate_override": 0.002880096435546875
        },
        "create_final_relationships": {
            "overall": 0.021337270736694336,
            "0_unpack_graph": 0.0024459362030029297,
            "1_filter": 0.004374504089355469,
            "2_rename": 0.0006122589111328125,
            "3_filter": 0.004675388336181641,
            "4_drop": 0.0011484622955322266,
            "5_compute_edge_combined_degree": 0.005963802337646484,
            "6_convert": 0.0010313987731933594,
            "7_convert": 0.0006368160247802734
        },
        "join_text_units_to_relationship_ids": {
            "overall": 0.006738185882568359,
            "0_select": 0.0010864734649658203,
            "1_unroll": 0.0018575191497802734,
            "2_aggregate_override": 0.002736806869506836,
            "3_select": 0.0007390975952148438
        },
        "create_final_community_reports": {
            "overall": 89.75564122200012,
            "0_prepare_community_reports_nodes": 0.0026988983154296875,
            "1_prepare_community_reports_edges": 0.002221345901489258,
            "2_restore_community_hierarchy": 0.006234169006347656,
            "3_prepare_community_reports": 0.025699853897094727,
            "4_create_community_reports": 89.71766591072083,
            "5_window": 0.0006399154663085938
        },
        "create_final_text_units": {
            "overall": 0.02039957046508789,
            "0_select": 0.0008871555328369141,
            "1_rename": 0.0005960464477539062,
            "2_join": 0.0073451995849609375,
            "3_join": 0.007134914398193359,
            "4_aggregate_override": 0.003368377685546875,
            "5_select": 0.0007579326629638672
        },
        "create_base_documents": {
            "overall": 0.021852970123291016,
            "0_unroll": 0.0023131370544433594,
            "1_select": 0.0007762908935546875,
            "2_rename": 0.0010972023010253906,
            "3_join": 0.006638765335083008,
            "4_aggregate_override": 0.0023517608642578125,
            "5_join": 0.006461620330810547,
            "6_rename": 0.0006868839263916016,
            "7_convert": 0.0011856555938720703
        },
        "create_final_documents": {
            "overall": 0.0012693405151367188,
            "0_rename": 0.0009751319885253906
        }
    }
}